timestamp,request_count
2025-06-22T13:43:00,11
2025-06-22T13:44:00,15
2025-06-22T13:45:00,17
2025-06-22T13:46:00,12
2025-06-22T13:47:00,13
2025-06-22T13:48:00,16
2025-06-22T13:49:00,14
2025-06-22T13:50:00,15
2025-06-22T13:51:00,14
2025-06-22T13:52:00,20
2025-06-22T13:53:00,17
2025-06-22T13:54:00,15
2025-06-22T13:55:00,15
2025-06-22T14:33:00,4
2025-06-22T14:34:00,18
2025-06-22T14:35:00,16
2025-06-22T14:36:00,17
2025-06-22T14:37:00,19
2025-06-22T14:38:00,16
2025-06-22T14:39:00,18
2025-06-22T14:40:00,18
2025-06-22T14:41:00,15
2025-06-22T14:42:00,17
2025-06-22T14:43:00,19
2025-06-22T14:44:00,18
2025-06-22T14:45:00,13
2025-06-22T14:46:00,10
2025-06-22T15:16:00,6
